[
    {
        "code": "012800000",
        "name": "Ilocos Norte",
        "regionCode": "010000000",
        "islandGroupCode": "luzon",
        "psgc10DigitCode": "0102800000"
    },
    {
        "code": "012900000",
        "name": "Ilocos Sur",
        "regionCode": "010000000",
        "islandGroupCode": "luzon",
        "psgc10DigitCode": "0102900000"
    },
    {
        "code": "013300000",
        "name": "La Union",
        "regionCode": "010000000",
        "islandGroupCode": "luzon",
        "psgc10DigitCode": "0103300000"
    },
    {
        "code": "015500000",
        "name": "Pangasinan",
        "regionCode": "010000000",
        "islandGroupCode": "luzon",
        "psgc10DigitCode": "0105500000"
    },
    {
        "code": "020900000",
        "name": "Batanes",
        "regionCode": "020000000",
        "islandGroupCode": "luzon",
        "psgc10DigitCode": "0200900000"
    },
    {
        "code": "021500000",
        "name": "Cagayan",
        "regionCode": "020000000",
        "islandGroupCode": "luzon",
        "psgc10DigitCode": "0201500000"
    },
    {
        "code": "023100000",
        "name": "Isabela",
        "regionCode": "020000000",
        "islandGroupCode": "luzon",
        "psgc10DigitCode": "0203100000"
    },
    {
        "code": "025000000",
        "name": "Nueva Vizcaya",
        "regionCode": "020000000",
        "islandGroupCode": "luzon",
        "psgc10DigitCode": "0205000000"
    },
    {
        "code": "025700000",
        "name": "Quirino",
        "regionCode": "020000000",
        "islandGroupCode": "luzon",
        "psgc10DigitCode": "0205700000"
    },
    {
        "code": "030800000",
        "name": "Bataan",
        "regionCode": "030000000",
        "islandGroupCode": "luzon",
        "psgc10DigitCode": "0300800000"
    },
    {
        "code": "031400000",
        "name": "Bulacan",
        "regionCode": "030000000",
        "islandGroupCode": "luzon",
        "psgc10DigitCode": "0301400000"
    },
    {
        "code": "034900000",
        "name": "Nueva Ecija",
        "regionCode": "030000000",
        "islandGroupCode": "luzon",
        "psgc10DigitCode": "0304900000"
    },
    {
        "code": "035400000",
        "name": "Pampanga",
        "regionCode": "030000000",
        "islandGroupCode": "luzon",
        "psgc10DigitCode": "0305400000"
    },
    {
        "code": "036900000",
        "name": "Tarlac",
        "regionCode": "030000000",
        "islandGroupCode": "luzon",
        "psgc10DigitCode": "0306900000"
    },
    {
        "code": "037100000",
        "name": "Zambales",
        "regionCode": "030000000",
        "islandGroupCode": "luzon",
        "psgc10DigitCode": "0307100000"
    },
    {
        "code": "037700000",
        "name": "Aurora",
        "regionCode": "030000000",
        "islandGroupCode": "luzon",
        "psgc10DigitCode": "0307700000"
    },
    {
        "code": "041000000",
        "name": "Batangas",
        "regionCode": "040000000",
        "islandGroupCode": "luzon",
        "psgc10DigitCode": "0401000000"
    },
    {
        "code": "042100000",
        "name": "Cavite",
        "regionCode": "040000000",
        "islandGroupCode": "luzon",
        "psgc10DigitCode": "0402100000"
    },
    {
        "code": "043400000",
        "name": "Laguna",
        "regionCode": "040000000",
        "islandGroupCode": "luzon",
        "psgc10DigitCode": "0403400000"
    },
    {
        "code": "045600000",
        "name": "Quezon",
        "regionCode": "040000000",
        "islandGroupCode": "luzon",
        "psgc10DigitCode": "0405600000"
    },
    {
        "code": "045800000",
        "name": "Rizal",
        "regionCode": "040000000",
        "islandGroupCode": "luzon",
        "psgc10DigitCode": "0405800000"
    },
    {
        "code": "174000000",
        "name": "Marinduque",
        "regionCode": "170000000",
        "islandGroupCode": "luzon",
        "psgc10DigitCode": "1704000000"
    },
    {
        "code": "175100000",
        "name": "Occidental Mindoro",
        "regionCode": "170000000",
        "islandGroupCode": "luzon",
        "psgc10DigitCode": "1705100000"
    },
    {
        "code": "175200000",
        "name": "Oriental Mindoro",
        "regionCode": "170000000",
        "islandGroupCode": "luzon",
        "psgc10DigitCode": "1705200000"
    },
    {
        "code": "175300000",
        "name": "Palawan",
        "regionCode": "170000000",
        "islandGroupCode": "luzon",
        "psgc10DigitCode": "1705300000"
    },
    {
        "code": "175900000",
        "name": "Romblon",
        "regionCode": "170000000",
        "islandGroupCode": "luzon",
        "psgc10DigitCode": "1705900000"
    },
    {
        "code": "050500000",
        "name": "Albay",
        "regionCode": "050000000",
        "islandGroupCode": "luzon",
        "psgc10DigitCode": "0500500000"
    },
    {
        "code": "051600000",
        "name": "Camarines Norte",
        "regionCode": "050000000",
        "islandGroupCode": "luzon",
        "psgc10DigitCode": "0501600000"
    },
    {
        "code": "051700000",
        "name": "Camarines Sur",
        "regionCode": "050000000",
        "islandGroupCode": "luzon",
        "psgc10DigitCode": "0501700000"
    },
    {
        "code": "052000000",
        "name": "Catanduanes",
        "regionCode": "050000000",
        "islandGroupCode": "luzon",
        "psgc10DigitCode": "0502000000"
    },
    {
        "code": "054100000",
        "name": "Masbate",
        "regionCode": "050000000",
        "islandGroupCode": "luzon",
        "psgc10DigitCode": "0504100000"
    },
    {
        "code": "056200000",
        "name": "Sorsogon",
        "regionCode": "050000000",
        "islandGroupCode": "luzon",
        "psgc10DigitCode": "0506200000"
    },
    {
        "code": "060400000",
        "name": "Aklan",
        "regionCode": "060000000",
        "islandGroupCode": "visayas",
        "psgc10DigitCode": "0600400000"
    },
    {
        "code": "060600000",
        "name": "Antique",
        "regionCode": "060000000",
        "islandGroupCode": "visayas",
        "psgc10DigitCode": "0600600000"
    },
    {
        "code": "061900000",
        "name": "Capiz",
        "regionCode": "060000000",
        "islandGroupCode": "visayas",
        "psgc10DigitCode": "0601900000"
    },
    {
        "code": "063000000",
        "name": "Iloilo",
        "regionCode": "060000000",
        "islandGroupCode": "visayas",
        "psgc10DigitCode": "0603000000"
    },
    {
        "code": "064500000",
        "name": "Negros Occidental",
        "regionCode": "060000000",
        "islandGroupCode": "visayas",
        "psgc10DigitCode": "0604500000"
    },
    {
        "code": "067900000",
        "name": "Guimaras",
        "regionCode": "060000000",
        "islandGroupCode": "visayas",
        "psgc10DigitCode": "0607900000"
    },
    {
        "code": "071200000",
        "name": "Bohol",
        "regionCode": "070000000",
        "islandGroupCode": "visayas",
        "psgc10DigitCode": "0701200000"
    },
    {
        "code": "072200000",
        "name": "Cebu",
        "regionCode": "070000000",
        "islandGroupCode": "visayas",
        "psgc10DigitCode": "0702200000"
    },
    {
        "code": "074600000",
        "name": "Negros Oriental",
        "regionCode": "070000000",
        "islandGroupCode": "visayas",
        "psgc10DigitCode": "0704600000"
    },
    {
        "code": "076100000",
        "name": "Siquijor",
        "regionCode": "070000000",
        "islandGroupCode": "visayas",
        "psgc10DigitCode": "0706100000"
    },
    {
        "code": "082600000",
        "name": "Eastern Samar",
        "regionCode": "080000000",
        "islandGroupCode": "visayas",
        "psgc10DigitCode": "0802600000"
    },
    {
        "code": "083700000",
        "name": "Leyte",
        "regionCode": "080000000",
        "islandGroupCode": "visayas",
        "psgc10DigitCode": "0803700000"
    },
    {
        "code": "084800000",
        "name": "Northern Samar",
        "regionCode": "080000000",
        "islandGroupCode": "visayas",
        "psgc10DigitCode": "0804800000"
    },
    {
        "code": "086000000",
        "name": "Samar",
        "regionCode": "080000000",
        "islandGroupCode": "visayas",
        "psgc10DigitCode": "0806000000"
    },
    {
        "code": "086400000",
        "name": "Southern Leyte",
        "regionCode": "080000000",
        "islandGroupCode": "visayas",
        "psgc10DigitCode": "0806400000"
    },
    {
        "code": "087800000",
        "name": "Biliran",
        "regionCode": "080000000",
        "islandGroupCode": "visayas",
        "psgc10DigitCode": "0807800000"
    },
    {
        "code": "097200000",
        "name": "Zamboanga Del Norte",
        "regionCode": "090000000",
        "islandGroupCode": "mindanao",
        "psgc10DigitCode": "0907200000"
    },
    {
        "code": "097300000",
        "name": "Zamboanga Del Sur",
        "regionCode": "090000000",
        "islandGroupCode": "mindanao",
        "psgc10DigitCode": "0907300000"
    },
    {
        "code": "098300000",
        "name": "Zamboanga Sibugay",
        "regionCode": "090000000",
        "islandGroupCode": "mindanao",
        "psgc10DigitCode": "0908300000"
    },
    {
        "code": "101300000",
        "name": "Bukidnon",
        "regionCode": "100000000",
        "islandGroupCode": "mindanao",
        "psgc10DigitCode": "1001300000"
    },
    {
        "code": "101800000",
        "name": "Camiguin",
        "regionCode": "100000000",
        "islandGroupCode": "mindanao",
        "psgc10DigitCode": "1001800000"
    },
    {
        "code": "103500000",
        "name": "Lanao Del Norte",
        "regionCode": "100000000",
        "islandGroupCode": "mindanao",
        "psgc10DigitCode": "1003500000"
    },
    {
        "code": "104200000",
        "name": "Misamis Occidental",
        "regionCode": "100000000",
        "islandGroupCode": "mindanao",
        "psgc10DigitCode": "1004200000"
    },
    {
        "code": "104300000",
        "name": "Misamis Oriental",
        "regionCode": "100000000",
        "islandGroupCode": "mindanao",
        "psgc10DigitCode": "1004300000"
    },
    {
        "code": "112300000",
        "name": "Davao Del Norte",
        "regionCode": "110000000",
        "islandGroupCode": "mindanao",
        "psgc10DigitCode": "1102300000"
    },
    {
        "code": "112400000",
        "name": "Davao Del Sur",
        "regionCode": "110000000",
        "islandGroupCode": "mindanao",
        "psgc10DigitCode": "1102400000"
    },
    {
        "code": "112500000",
        "name": "Davao Oriental",
        "regionCode": "110000000",
        "islandGroupCode": "mindanao",
        "psgc10DigitCode": "1102500000"
    },
    {
        "code": "118200000",
        "name": "Davao De Oro",
        "regionCode": "110000000",
        "islandGroupCode": "mindanao",
        "psgc10DigitCode": "1108200000"
    },
    {
        "code": "118600000",
        "name": "Davao Occidental",
        "regionCode": "110000000",
        "islandGroupCode": "mindanao",
        "psgc10DigitCode": "1108600000"
    },
    {
        "code": "124700000",
        "name": "Cotabato",
        "regionCode": "120000000",
        "islandGroupCode": "mindanao",
        "psgc10DigitCode": "1204700000"
    },
    {
        "code": "126300000",
        "name": "South Cotabato",
        "regionCode": "120000000",
        "islandGroupCode": "mindanao",
        "psgc10DigitCode": "1206300000"
    },
    {
        "code": "126500000",
        "name": "Sultan Kudarat",
        "regionCode": "120000000",
        "islandGroupCode": "mindanao",
        "psgc10DigitCode": "1206500000"
    },
    {
        "code": "128000000",
        "name": "Sarangani",
        "regionCode": "120000000",
        "islandGroupCode": "mindanao",
        "psgc10DigitCode": "1208000000"
    },
    {
        "code": "140100000",
        "name": "Abra",
        "regionCode": "140000000",
        "islandGroupCode": "luzon",
        "psgc10DigitCode": "1400100000"
    },
    {
        "code": "141100000",
        "name": "Benguet",
        "regionCode": "140000000",
        "islandGroupCode": "luzon",
        "psgc10DigitCode": "1401100000"
    },
    {
        "code": "142700000",
        "name": "Ifugao",
        "regionCode": "140000000",
        "islandGroupCode": "luzon",
        "psgc10DigitCode": "1402700000"
    },
    {
        "code": "143200000",
        "name": "Kalinga",
        "regionCode": "140000000",
        "islandGroupCode": "luzon",
        "psgc10DigitCode": "1403200000"
    },
    {
        "code": "144400000",
        "name": "Mountain Province",
        "regionCode": "140000000",
        "islandGroupCode": "luzon",
        "psgc10DigitCode": "1404400000"
    },
    {
        "code": "148100000",
        "name": "Apayao",
        "regionCode": "140000000",
        "islandGroupCode": "luzon",
        "psgc10DigitCode": "1408100000"
    },
    {
        "code": "160200000",
        "name": "Agusan Del Norte",
        "regionCode": "160000000",
        "islandGroupCode": "mindanao",
        "psgc10DigitCode": "1600200000"
    },
    {
        "code": "160300000",
        "name": "Agusan Del Sur",
        "regionCode": "160000000",
        "islandGroupCode": "mindanao",
        "psgc10DigitCode": "1600300000"
    },
    {
        "code": "166700000",
        "name": "Surigao Del Norte",
        "regionCode": "160000000",
        "islandGroupCode": "mindanao",
        "psgc10DigitCode": "1606700000"
    },
    {
        "code": "166800000",
        "name": "Surigao Del Sur",
        "regionCode": "160000000",
        "islandGroupCode": "mindanao",
        "psgc10DigitCode": "1606800000"
    },
    {
        "code": "168500000",
        "name": "Dinagat Islands",
        "regionCode": "160000000",
        "islandGroupCode": "mindanao",
        "psgc10DigitCode": "1608500000"
    },
    {
        "code": "150700000",
        "name": "Basilan",
        "regionCode": "150000000",
        "islandGroupCode": "mindanao",
        "psgc10DigitCode": "1900700000"
    },
    {
        "code": "153600000",
        "name": "Lanao Del Sur",
        "regionCode": "150000000",
        "islandGroupCode": "mindanao",
        "psgc10DigitCode": "1903600000"
    },
    {
        "code": "153800000",
        "name": "Maguindanao",
        "regionCode": "150000000",
        "islandGroupCode": "mindanao",
        "psgc10DigitCode": "1903800000"
    },
    {
        "code": "156600000",
        "name": "Sulu",
        "regionCode": "150000000",
        "islandGroupCode": "mindanao",
        "psgc10DigitCode": "1906600000"
    },
    {
        "code": "157000000",
        "name": "Tawi-Tawi",
        "regionCode": "150000000",
        "islandGroupCode": "mindanao",
        "psgc10DigitCode": "1907000000"
    }
]