[
    {
        "code": "133901000",
        "name": "Tondo I/ii",
        "oldName": "",
        "districtCode": "133900000",
        "provinceCode": false,
        "regionCode": "130000000",
        "islandGroupCode": "luzon",
        "psgc10DigitCode": "1380601000"
    },
    {
        "code": "133902000",
        "name": "Binondo",
        "oldName": "",
        "districtCode": "133900000",
        "provinceCode": false,
        "regionCode": "130000000",
        "islandGroupCode": "luzon",
        "psgc10DigitCode": "1380602000"
    },
    {
        "code": "133903000",
        "name": "Quiapo",
        "oldName": "",
        "districtCode": "133900000",
        "provinceCode": false,
        "regionCode": "130000000",
        "islandGroupCode": "luzon",
        "psgc10DigitCode": "1380603000"
    },
    {
        "code": "133904000",
        "name": "San Nicolas",
        "oldName": "",
        "districtCode": "133900000",
        "provinceCode": false,
        "regionCode": "130000000",
        "islandGroupCode": "luzon",
        "psgc10DigitCode": "1380604000"
    },
    {
        "code": "133905000",
        "name": "Santa Cruz",
        "oldName": "",
        "districtCode": "133900000",
        "provinceCode": false,
        "regionCode": "130000000",
        "islandGroupCode": "luzon",
        "psgc10DigitCode": "1380605000"
    },
    {
        "code": "133906000",
        "name": "Sampaloc",
        "oldName": "",
        "districtCode": "133900000",
        "provinceCode": false,
        "regionCode": "130000000",
        "islandGroupCode": "luzon",
        "psgc10DigitCode": "1380606000"
    },
    {
        "code": "133907000",
        "name": "San Miguel",
        "oldName": "",
        "districtCode": "133900000",
        "provinceCode": false,
        "regionCode": "130000000",
        "islandGroupCode": "luzon",
        "psgc10DigitCode": "1380607000"
    },
    {
        "code": "133908000",
        "name": "Ermita",
        "oldName": "",
        "districtCode": "133900000",
        "provinceCode": false,
        "regionCode": "130000000",
        "islandGroupCode": "luzon",
        "psgc10DigitCode": "1380608000"
    },
    {
        "code": "133909000",
        "name": "Intramuros",
        "oldName": "",
        "districtCode": "133900000",
        "provinceCode": false,
        "regionCode": "130000000",
        "islandGroupCode": "luzon",
        "psgc10DigitCode": "1380609000"
    },
    {
        "code": "133910000",
        "name": "Malate",
        "oldName": "",
        "districtCode": "133900000",
        "provinceCode": false,
        "regionCode": "130000000",
        "islandGroupCode": "luzon",
        "psgc10DigitCode": "1380610000"
    },
    {
        "code": "133911000",
        "name": "Paco",
        "oldName": "",
        "districtCode": "133900000",
        "provinceCode": false,
        "regionCode": "130000000",
        "islandGroupCode": "luzon",
        "psgc10DigitCode": "1380611000"
    },
    {
        "code": "133912000",
        "name": "Pandacan",
        "oldName": "",
        "districtCode": "133900000",
        "provinceCode": false,
        "regionCode": "130000000",
        "islandGroupCode": "luzon",
        "psgc10DigitCode": "1380612000"
    },
    {
        "code": "133913000",
        "name": "Port Area",
        "oldName": "",
        "districtCode": "133900000",
        "provinceCode": false,
        "regionCode": "130000000",
        "islandGroupCode": "luzon",
        "psgc10DigitCode": "1380613000"
    },
    {
        "code": "133914000",
        "name": "Santa Ana",
        "oldName": "",
        "districtCode": "133900000",
        "provinceCode": false,
        "regionCode": "130000000",
        "islandGroupCode": "luzon",
        "psgc10DigitCode": "1380614000"
    }
]